0,1,Kasterot,AaLiYaH
0,1,Azucena1980,AaLiYaH
0,1,yoteriosinmirar,AaLiYaH
0,1,ingenieril,AaLiYaH
0,1,celyo,AaLiYaH
0,1,Seregras,AaLiYaH
0,1,scarecrow,AaLiYaH
4,2,entroysalgo,ingenieril
7,2,AaLiYaH,scarecrow
9,3,scarecrow,AaLiYaH
10,4,AaLiYaH,scarecrow
11,5,scarecrow,AaLiYaH
12,6,AaLiYaH,scarecrow
4,2,joselitoeldelavozdeoro,ingenieril
7,2,Angelusiones,scarecrow
0,1,scarecrow,AaLiYaH
13,7,Marco_Pagot,AaLiYaH
2,2,Bombtrack,Azucena1980
17,8,scarecrow,Marco_Pagot
16,2,yoteriosinmirar,scarecrow
19,9,Marco_Pagot,scarecrow
15,3,Marco_Pagot,Angelusiones
2,2,GoDie,Azucena1980
0,1,--417319--,AaLiYaH
0,1,--473832--,AaLiYaH
13,7,PythonMan8,AaLiYaH
18,3,ZombiekE,Bombtrack
3,2,borteixo,yoteriosinmirar
8,3,Piolet,entroysalgo
0,1,HipnoSapo,AaLiYaH
26,8,chemari,PythonMan8
4,2,soraxx,ingenieril
8,3,melquiades,entroysalgo
30,2,nexux,HipnoSapo
0,1,neike,AaLiYaH
9,3,angelitoMagno,AaLiYaH
26,8,delawen,PythonMan8
0,1,jfabaf,AaLiYaH
30,2,neike,HipnoSapo
0,1,delawen,AaLiYaH
39,3,HipnoSapo,neike
20,3,Loya,yoteriosinmirar
36,4,AaLiYaH,angelitoMagno
7,2,Jakeukalane,scarecrow
0,1,CidFapeador,AaLiYaH
9,3,Manco1984,AaLiYaH
43,5,angelitoMagno,AaLiYaH
26,8,Piolet,PythonMan8
47,6,AaLiYaH,angelitoMagno
26,8,olizinho,PythonMan8
33,4,waterbear,melquiades
40,2,neike,delawen
12,6,Señor_Gremlin,scarecrow
33,4,entroysalgo,melquiades
45,2,neike,CidFapeador
44,3,scarecrow,Jakeukalane
9,3,Sk9TIFBVVEFo,AaLiYaH
7,2,eltiofilo,scarecrow
9,3,lamonjamellada,AaLiYaH
9,3,mrsombra,AaLiYaH
13,7,jixbo,AaLiYaH
21,10,jixbo,Marco_Pagot
59,4,AaLiYaH,lamonjamellada
49,7,Podemita,AaLiYaH
7,2,satchafunkilus,scarecrow
7,2,oceanon3d,scarecrow
41,4,jixbo,HipnoSapo
15,3,Podemita,Angelusiones
63,5,lamonjamellada,AaLiYaH
17,8,--474944--,Marco_Pagot
7,2,Mordisquitos,scarecrow
0,1,Joim,AaLiYaH
65,3,scarecrow,satchafunkilus
7,2,putin,scarecrow
71,3,scarecrow,Mordisquitos
41,4,Melirka,HipnoSapo
69,6,AaLiYaH,lamonjamellada
68,4,Angelusiones,Podemita
77,7,lamonjamellada,AaLiYaH
77,7,Basileos,AaLiYaH
2,2,Enking,Azucena1980
79,8,AaLiYaH,lamonjamellada
19,9,zpelin,scarecrow
46,4,BiRDo,Manco1984
73,4,satchafunkilus,scarecrow
42,4,BiRDo,Loya
82,9,lamonjamellada,AaLiYaH
45,2,mcclain,CidFapeador
13,7,piticlibonito,AaLiYaH
74,3,Señor_Gremlin,putin
16,2,Dasoman,scarecrow
13,7,kokoloco_1,AaLiYaH
7,2,ExpoX7,scarecrow
92,8,AaLiYaH,kokoloco_1
93,3,scarecrow,ExpoX7
0,1,TCOtelecom,AaLiYaH
0,1,ectolin,AaLiYaH
26,8,ExpoX7,PythonMan8
94,9,kokoloco_1,AaLiYaH
95,4,ExpoX7,scarecrow
98,9,PythonMan8,ExpoX7
18,3,fernando.paniaguapalmero,Bombtrack
101,10,ExpoX7,PythonMan8
0,1,viuuuu,AaLiYaH
80,8,fernando.paniaguapalmero,Basileos
103,11,PythonMan8,ExpoX7
106,12,ExpoX7,PythonMan8
27,4,Bombtrack,ZombiekE
0,1,eulerian4,AaLiYaH
0,1,koCO78,AaLiYaH
35,2,yagoSeis,neike
0,1,proyecto,AaLiYaH
56,4,Jakeukalane,scarecrow
7,2,AlemanQu,scarecrow
