0,1,ipanies,Ratoncolorao
0,1,anxosan,Ratoncolorao
0,1,PacoJM,Ratoncolorao
0,1,manuelpepito,Ratoncolorao
0,1,Boudleaux,Ratoncolorao
0,1,scarecrow,Ratoncolorao
0,1,MartinLuop,Ratoncolorao
0,1,arserit,Ratoncolorao
0,1,Amalfi,Ratoncolorao
0,1,kalimochero,Ratoncolorao
0,1,An66,Ratoncolorao
0,1,neuron,Ratoncolorao
0,1,Dene,Ratoncolorao
9,2,arserit,Amalfi
0,1,Meneador_Compulsivo,Ratoncolorao
6,2,Campechano,scarecrow
9,2,uvi,Amalfi
16,3,fofito,Campechano
0,1,yoma,Ratoncolorao
0,1,wared,Ratoncolorao
2,2,--479501--,anxosan
0,1,mercure,Ratoncolorao
4,2,Cabre13,manuelpepito
0,1,el_Tupac,Ratoncolorao
23,3,manuelpepito,Cabre13
8,2,Cabre13,arserit
0,1,xamevou,Ratoncolorao
2,2,xamevou,anxosan
0,1,Sc4ramouche,Ratoncolorao
0,1,merogos,Ratoncolorao
0,1,ectolin,Ratoncolorao
4,2,Acido,manuelpepito
32,3,manuelpepito,Acido
0,1,yemeth,Ratoncolorao
0,1,lestat_1982,Ratoncolorao
8,2,darkdead1,arserit
0,1,khanser,Ratoncolorao
0,1,BRUJO1972,Ratoncolorao
0,1,eulerian4,Ratoncolorao
0,1,X_trail,Ratoncolorao
0,1,pablicius,Ratoncolorao
0,1,regis,Ratoncolorao
0,1,living001,Ratoncolorao
0,1,Back_in_the_day,Ratoncolorao
0,1,pitercio,Ratoncolorao
0,1,Segador,Ratoncolorao
14,3,Amalfi,arserit
26,3,Raziel_2,Cabre13
0,1,azenbugranto,Ratoncolorao
36,3,arserit,darkdead1
47,4,arserit,Amalfi
0,1,nexus7,Ratoncolorao
0,1,repetor666,Ratoncolorao
1,2,j-light,ipanies
0,1,nexus7,Ratoncolorao
0,1,--473832--,Ratoncolorao
8,2,chemari,arserit
0,1,--481080--,Ratoncolorao
0,1,irenilla89,Ratoncolorao
0,1,albper,Ratoncolorao
0,1,Hastaloshuevos,Ratoncolorao
25,4,kolme,manuelpepito
3,2,DiotNik,PacoJM
20,2,franitonito,wared
6,2,Divorciado,scarecrow
43,2,franitonito,living001
28,3,Varlak_,xamevou
32,3,Varlak_,Acido
59,2,franitonito,irenilla89
50,4,Varlak_,arserit
2,2,meneandro,anxosan
0,1,oxalus,Ratoncolorao
0,1,Dab,Ratoncolorao
26,3,perico_de_los_palotes,Cabre13
2,2,Svacam,anxosan
0,1,hmbregris,Ratoncolorao
26,3,Svacam,Cabre13
74,4,Svacam,perico_de_los_palotes
70,5,perico_de_los_palotes,Varlak_
0,1,dani.oro.5,Ratoncolorao
78,5,perico_de_los_palotes,Svacam
81,6,Svacam,perico_de_los_palotes
82,7,perico_de_los_palotes,Svacam
83,8,Svacam,perico_de_los_palotes
79,6,Varlak_,perico_de_los_palotes
66,3,living001,franitonito
26,3,Kpax,Cabre13
0,1,JJBlas,Ratoncolorao
77,4,Cabre13,Svacam
50,4,MeneanteGeorge,arserit
84,9,perico_de_los_palotes,Svacam
28,3,Kartoffel,xamevou
0,1,slender_1,Ratoncolorao
5,2,slender_1,Boudleaux
79,6,perico_de_los_palotes,perico_de_los_palotes
94,3,Boudleaux,slender_1
20,2,emilio.herrero,wared
97,3,wared,emilio.herrero
0,1,D_Eon,Ratoncolorao
0,1,aracnos,Ratoncolorao
70,5,arserit,Varlak_
79,6,arserit,perico_de_los_palotes
57,3,arserit,chemari
97,3,victorjba,emilio.herrero
0,1,mariopg,Ratoncolorao
103,4,chemari,arserit
106,5,arserit,chemari
107,6,chemari,arserit
108,7,arserit,chemari
0,1,ivisdrek,Ratoncolorao
