0,1,pasapues,pepeneitor35
0,1,joffer,pepeneitor35
0,1,arivero,pepeneitor35
0,1,blanjayo,pepeneitor35
0,1,leitzaran,pepeneitor35
2,2,SpeakerBR,joffer
0,1,meneameadmin,pepeneitor35
6,3,blanjayo,SpeakerBR
0,1,samsaga2,pepeneitor35
0,1,ogrydc,pepeneitor35
0,1,Rafa_Lopez_1,pepeneitor35
0,1,cptnniv,pepeneitor35
0,1,kesar,pepeneitor35
0,1,RandomAccess,pepeneitor35
0,1,jemmy,pepeneitor35
2,2,Endor_Fino,joffer
0,1,Hastaloshuevos,pepeneitor35
9,2,Arganor,samsaga2
0,1,--382847--,pepeneitor35
10,2,GloboSonda,ogrydc
0,1,Thony,pepeneitor35
0,1,LuisPas,pepeneitor35
0,1,ogrydc,pepeneitor35
0,1,Camtrack,pepeneitor35
21,2,Rafa_Lopez_1,Thony
0,1,pinkix,pepeneitor35
6,3,joffer,SpeakerBR
0,1,ManTK,pepeneitor35
0,1,yisuscraist,pepeneitor35
1,2,Catapulta,pasapues
0,1,AMILtepone,pepeneitor35
0,1,mmpulido,pepeneitor35
0,1,vviccio,pepeneitor35
0,1,lamantua,pepeneitor35
